[
  {
    "mode": "Gem Grab",
    "map": "Hard Rock Mine",
    "primary_comp": [
      "Joaquin: Gene (Mid)",
      "Steven: Emz (Lane)",
      "3rd: Spike (Lane)"
    ],
    "backup_comps": [
      [
        "Joaquin: Crow",
        "Steven: Spike",
        "3rd: Stu"
      ],
      [
        "Joaquin: Sandy",
        "Steven: Emz",
        "3rd: Leon"
      ]
    ],
    "bans": [
      "Emz",
      "Spike",
      "Mortis"
    ],
    "substitutes": [
      "Gene \u2192 Byron or Ruffs",
      "Emz \u2192 Gale or Larry & Lawrie",
      "Spike \u2192 Bonnie or Rico"
    ],
    "win_plan": "Control mid, hit 7\u20138 gems, stabilize, punish overextensions.",
    "notes": ""
  }
]