[
  {
    "mode": "Hot Zone",
    "map": "Ring of Fire",
    "primary_comp": [
      "Joaquin: Bo (Vision / control)",
      "Steven: Emz (Zone denial)",
      "3rd: Crow (Anti-heal / poke)"
    ],
    "backup_comps": [
      [
        "Joaquin: Sandy",
        "Steven: Penny",
        "3rd: Cordelius"
      ],
      [
        "Joaquin: Gene",
        "Steven: Spike",
        "3rd: Leon"
      ]
    ],
    "bans": [
      "Emz",
      "Bo",
      "Crow"
    ],
    "substitutes": [
      "If Emz banned \u2192 Steven: Gale or Larry & Lawrie",
      "If Bo banned \u2192 Joaquin: Penny or Lou (control)",
      "If Crow banned \u2192 3rd: Byron or Spike"
    ],
    "win_plan": "Anchor the ring edge, keep 1\u20132 bodies on zone, and farm supers to win every retake. When ahead, hold entrances instead of chasing.",
    "notes": "This is a test entry proving Hot Zone renders. Replace data.json with your full 24-map guide."
  }
]